,ID,Year
0,1,2008-11-28
1,2,2008-11-26
2,3,1993-07-01
3,4,2008-09-16
4,5,2008-07-18
5,6,2007-12-27
6,7,2007-04-07
7,8,2007-02-03
8,9,2007-02-03
9,10,2007-02-03
10,11,2007-02-03
11,12,2007-02-03
12,13,1997-01-01
13,14,2007-02-03
14,15,2007-02-03
15,16,2002-06-28
16,17,2007-02-03
17,18,2007-02-03
18,19,2007-02-03
19,20,2007-02-03
20,21,2006-11-10
21,22,2006-10-13
22,23,2006-06-21
23,24,2006-06-07
24,25,2006-05-06
25,26,2001-04-04
26,27,2006-04-06
27,28,2006-04-06
28,29,2006-02-17
29,30,2003-07-17
30,31,2006-01-25
31,32,2005-12-08
32,33,2005-11-19
33,34,2004-07-01
34,35,2004-04-29
35,36,2004-04-29
36,37,2004-08-25
37,38,2004-04-02
38,39,2002-06-20
39,40,2001-08-10
40,41,1998-12-16
41,42,1997-01-01
42,43,2003-05-08
43,44,2005-10-20
44,45,2005-10-20
45,46,2005-10-20
46,47,2005-10-18
47,48,2005-10-18
48,49,2005-06-22
49,50,2004-08-26
50,51,2004-08-12
51,52,2003-04-18
52,53,2003-01-22
53,54,2002-10-26
54,55,2002-05-28
55,56,2001-04-25
56,57,2001-04-25
57,58,2000-08-18
58,59,2000-08-01
59,60,2000-08-01
60,61,2000-05-02
61,62,2000-03-21
62,63,2005-10-20
63,64,2004-03-05
64,65,2004-02-26
65,66,2003-12-20
66,67,2003-05-31
67,68,2003-04-18
68,69,2003-01-22
69,70,2002-10-26
70,71,2002-06-18
71,72,2002-05-28
72,73,2001-09-08
73,74,2001-08-08
74,75,2001-04-25
75,76,2000-05-02
76,77,2000-03-21
77,78,2000-01-06
78,79,1999-10-28
79,80,1999-07-01
80,81,1999-05-27
81,82,1999-05-27
82,83,1998-08-05
83,84,1998-03-08
84,85,1997-10-04
85,86,1997-09-04
86,87,1997-06-06
87,88,1997-02-06
88,89,1996-11-03
89,90,1996-10-04
90,91,1996-09-04
91,92,1996-02-07
92,93,1995-11-04
93,94,1995-09-05
94,95,1995-05-08
95,96,1995-03-09
96,97,1990-12-10
97,98,2005-10-18
98,99,2005-10-18
99,100,2005-10-18
100,101,2003-08-27
101,102,2003-04-18
102,103,1999-07-01
103,104,2005-10-15
104,105,2005-09-27
105,106,2005-07-23
106,107,2005-06-22
107,108,2003-08-27
108,109,2002-03-30
109,110,2000-03-21
110,111,2005-05-18
111,112,2005-05-11
112,113,2005-05-07
113,114,2005-04-07
114,115,2005-04-01
115,116,2005-03-24
116,117,2005-03-22
117,118,2005-03-22
118,119,2005-03-15
119,120,2005-02-26
120,121,2005-02-19
121,122,2005-02-19
122,123,2004-08-12
123,124,2005-02-19
124,125,2005-02-03
125,126,2005-01-28
126,127,2005-01-22
127,128,2005-01-14
128,129,2005-01-08
129,130,2005-01-08
130,131,2003-07-16
131,132,2002-02-16
132,133,2000-03-14
133,134,1991-01-01
134,135,2004-12-31
135,136,2004-10-13
136,137,2004-12-21
137,138,2004-12-14
138,139,2004-12-08
139,140,2002-11-01
140,141,2001-03-29
141,142,2000-02-05
142,143,2004-12-08
143,144,2004-05-04
144,145,2004-05-04
145,146,2004-12-03
146,147,1998-05-23
147,148,2004-12-02
148,149,2001-04-17
149,150,2003-05-23
150,151,2003-07-30
151,152,2004-05-04
152,153,2004-06-25
153,154,2003-02-25
154,155,2004-11-30
155,156,2002-07-19
156,157,2004-11-30
157,158,2004-07-22
158,159,2004-11-27
159,160,2004-11-26
160,161,2004-11-26
161,162,2004-11-24
162,163,1987-12-01
163,164,2004-11-19
164,165,2004-11-16
165,166,2004-11-13
166,167,2004-01-20
167,168,2003-01-21
168,169,2003-01-21
169,170,2001-07-04
170,171,1998-02-26
171,172,1997-05-01
172,173,1995-03-01
173,174,2004-11-13
174,175,2004-11-10
175,176,2003-05-03
176,177,2002-06-28
177,178,2004-11-09
178,179,2004-11-05
179,180,2004-11-03
180,181,2004-11-03
181,182,2004-11-03
182,183,2004-10-30
183,184,2003-02-11
184,185,2004-10-30
185,186,2004-10-27
186,187,2004-10-27
187,188,2004-09-21
188,189,2002-04-05
189,190,2004-02-10
190,191,2001-02-17
191,192,2004-10-23
192,193,2004-10-20
193,194,2004-10-20
194,195,2003-10-14
195,196,2004-10-20
196,197,2004-10-16
197,198,1993-11-01
198,199,2004-10-12
199,200,2004-06-09
200,201,2004-10-09
201,202,2004-10-08
202,203,2004-10-08
203,204,2004-10-08
204,205,2004-10-08
205,206,2004-10-07
206,207,2004-10-07
207,208,2004-10-06
208,209,2004-10-06
209,210,2004-10-06
210,211,2004-10-02
211,212,2004-10-01
212,213,2004-09-30
213,214,2001-06-08
214,215,1999-10-08
215,216,2004-09-30
216,217,2004-09-29
217,218,2004-09-29
218,219,1995-12-09
219,220,2004-09-28
220,221,2004-09-25
221,222,1998-11-25
222,223,1998-02-11
223,224,2004-09-24
224,225,2004-09-24
225,226,2004-05-26
226,227,2004-09-24
227,228,2004-09-24
228,229,2004-01-10
229,230,2004-09-14
230,231,2004-07-02
231,232,2004-09-14
232,233,2004-09-14
233,234,2004-09-14
234,235,2003-08-15
235,236,2002-02-09
236,237,2003-04-18
237,238,2004-09-11
238,239,2004-09-10
239,240,2001-04-17
240,241,2000-02-05
241,242,1996-06-01
242,243,1991-09-16
243,244,2002-07-20
244,245,2004-09-07
245,246,2003-06-14
246,247,2002-10-26
247,248,2004-09-07
248,249,2004-09-07
249,250,2004-09-07
250,251,2004-09-07
251,252,2004-09-07
252,253,2000-01-06
253,254,2004-09-07
254,255,2004-09-07
255,256,2002-03-30
256,257,2003-04-24
257,258,2004-08-31
258,259,2004-03-30
259,260,2004-08-26
260,261,2004-01-15
261,262,2004-08-26
262,263,2004-08-26
263,264,2003-06-24
264,265,2003-04-02
265,266,2004-08-26
266,267,2004-08-26
267,268,2004-08-26
268,269,2004-08-26
269,270,2004-08-24
270,271,2004-08-24
271,272,2004-08-21
272,273,2004-08-21
273,274,2004-08-19
274,275,2004-08-19
275,276,2004-08-17
276,277,1997-07-01
277,278,1995-07-01
278,279,1995-07-01
279,280,2004-08-13
280,281,2004-08-12
281,282,2002-06-18
282,283,2004-08-12
283,284,2004-08-11
284,285,2000-12-08
285,286,2004-08-05
286,287,2004-08-04
287,288,2004-08-04
288,289,2004-08-03
289,290,2004-08-03
290,291,2004-08-03
291,292,2004-08-03
292,293,2004-07-27
293,294,2004-07-24
294,295,2004-07-23
295,296,1997-04-01
296,297,2004-07-22
297,298,2004-07-21
298,299,2003-10-29
299,300,2004-07-17
300,301,2004-07-16
301,302,2004-07-15
302,303,2004-07-13
303,304,2004-07-10
304,305,2004-07-10
305,306,2004-07-09
306,307,2004-07-03
307,308,2004-07-01
308,309,2004-07-01
309,310,2004-07-01
310,311,2003-03-29
311,312,2002-12-10
312,313,2002-09-25
313,314,2002-04-12
314,315,2001-09-22
315,316,2001-02-13
316,317,2000-02-29
317,318,1999-10-08
318,319,1999-09-02
319,320,1999-01-05
320,321,2001-04-25
321,322,2004-07-01
322,323,2004-06-25
323,324,2004-06-25
324,325,2004-06-17
325,326,2004-06-16
326,327,2004-06-16
327,328,2004-06-15
328,329,2002-01-05
329,330,2004-06-15
330,331,2004-06-15
331,332,2004-06-12
332,333,2004-06-10
333,334,2004-06-10
334,335,2004-06-10
335,336,2004-06-05
336,337,2004-06-04
337,338,2004-06-03
338,339,2004-05-29
339,340,2004-05-29
340,341,2004-05-25
341,342,2004-05-22
342,343,2004-05-22
343,344,2004-05-22
344,345,2004-05-19
345,346,2004-05-15
346,347,2004-05-15
347,348,1999-11-11
348,349,2004-05-15
349,350,2004-05-12
350,351,2004-05-08
351,352,2004-05-06
352,353,1988-04-01
353,354,2004-05-04
354,355,2004-05-01
355,356,2004-05-01
356,357,2004-04-30
357,358,2004-04-28
358,359,2002-12-04
359,360,2002-04-20
360,361,2001-09-29
361,362,1998-12-31
362,363,1998-10-06
363,364,1998-06-13
364,365,2004-04-28
365,366,2002-12-04
366,367,2002-10-03
367,368,2004-04-28
368,369,1999-04-30
369,370,2004-04-28
370,371,2004-04-28
371,372,2004-04-28
372,373,2000-12-02
373,374,2000-08-01
374,375,2004-04-28
375,376,1999-06-05
376,377,2004-04-28
377,378,2004-04-28
378,379,2004-04-27
379,380,2004-04-20
380,381,2004-04-20
381,382,1995-06-01
382,383,2004-04-16
383,384,2004-04-14
384,385,1995-09-01
385,386,2004-04-09
386,387,2004-04-09
387,388,2004-04-07
388,389,2002-01-05
389,390,2004-04-06
390,391,2004-04-06
391,392,2004-04-06
392,393,2004-04-06
393,394,2004-04-02
394,395,2001-12-18
395,396,2004-04-02
396,397,1999-10-09
397,398,2004-04-01
398,399,2004-04-01
399,400,2004-03-30
400,401,2004-03-30
401,402,2003-03-12
402,403,2004-03-25
403,404,2004-03-17
404,405,2004-03-17
405,406,1997-06-15
406,407,2004-03-12
407,408,2004-03-12
408,409,2004-03-11
409,410,2004-03-09
410,411,1998-08-29
411,412,1998-08-29
412,413,2004-03-05
413,414,2004-03-05
414,415,2004-03-05
415,416,2004-03-05
416,417,2004-02-26
417,418,2004-02-26
418,419,2004-02-26
419,420,2004-02-26
420,421,2004-02-20
421,422,2004-02-19
422,423,2003-05-27
423,424,2004-02-06
424,425,2004-02-05
425,426,2003-07-16
426,427,2004-02-03
427,428,2004-01-27
428,429,2004-01-27
429,430,2004-01-27
430,431,2004-01-22
431,432,2004-01-22
432,433,2004-01-20
433,434,2004-01-13
434,435,2004-01-13
435,436,2004-01-08
436,437,2004-01-08
437,438,2004-01-02
438,439,2004-01-02
439,440,2004-01-01
440,441,2004-01-01
441,442,2003-12-31
442,443,2003-12-25
443,444,2003-12-23
444,445,2003-12-20
445,446,2002-07-16
446,447,2000-01-06
447,448,1999-07-01
448,449,1999-05-27
449,450,1998-09-04
450,451,1998-08-05
451,452,1998-06-06
452,453,1998-04-07
453,454,1998-03-08
454,455,1997-12-08
455,456,1997-11-03
456,457,1997-09-04
457,458,1997-08-05
458,459,1997-06-06
459,460,1997-04-07
460,461,1997-02-06
461,462,1996-09-04
462,463,1996-08-05
463,464,1996-04-07
464,465,1996-03-08
465,466,1996-02-07
466,467,1995-12-09
467,468,1995-10-05
468,469,1995-09-05
469,470,1995-03-09
470,471,1994-12-09
471,472,1994-04-08
472,473,2003-12-18
473,474,2003-12-13
474,475,2000-11-15
475,476,2003-12-13
476,477,2001-05-31
477,478,2003-12-11
478,479,2003-12-11
479,480,2003-12-10
480,481,2003-12-10
481,482,2003-12-10
482,483,2003-12-10
483,484,2003-12-10
484,485,2003-12-10
485,486,2003-12-09
486,487,2003-11-25
487,488,2003-11-19
488,489,2003-11-19
489,490,2003-11-19
490,491,2003-11-19
491,492,2003-11-15
492,493,2003-11-13
493,494,2003-11-13
494,495,2003-11-06
495,496,2003-05-31
496,497,1995-12-09
497,498,2003-11-05
498,499,2003-11-05
499,500,2003-11-01
500,501,2003-10-30
501,502,1995-01-01
502,503,2003-10-29
503,504,2003-10-11
504,505,2003-10-10
505,506,2002-08-16
506,507,2003-10-08
507,508,2003-10-08
508,509,2003-10-08
509,510,2002-03-30
510,511,2003-10-08
511,512,2003-10-02
512,513,2003-09-17
513,514,2003-09-13
514,515,2003-09-11
515,516,2003-09-10
516,517,2003-09-06
517,518,2003-08-27
518,519,2003-08-27
519,520,2003-08-27
520,521,1996-03-01
521,522,2003-08-22
522,523,2003-08-19
523,524,2003-08-19
524,525,2000-05-19
525,526,2003-08-19
526,527,2003-08-16
527,528,2003-08-15
528,529,2003-08-14
529,530,2003-08-09
530,531,2003-08-07
531,532,2003-08-02
532,533,2003-07-26
533,534,1999-03-31
534,535,2003-07-25
535,536,2002-03-26
536,537,2001-08-23
537,538,2002-09-13
538,539,1996-05-06
539,540,2002-01-05
540,541,2002-02-08
541,542,2003-07-16
542,543,2003-07-15
543,544,2003-07-11
544,545,2003-07-11
545,546,2003-07-11
546,547,2003-07-11
547,548,2003-07-10
548,549,2003-07-05
549,550,2003-07-05
550,551,2003-07-02
551,552,2003-06-28
552,553,2003-06-26
553,554,2003-06-19
554,555,2003-06-17
555,556,2003-06-17
556,557,2003-06-17
557,558,2003-06-17
558,559,2003-06-17
559,560,1994-03-01
560,561,2001-06-09
561,562,2003-06-07
562,563,2003-06-07
563,564,2003-06-07
564,565,1999-07-01
565,566,2003-05-31
566,567,2003-05-31
567,568,2003-05-30
568,569,2003-05-27
569,570,2003-05-23
570,571,2003-05-22
571,572,2003-05-21
572,573,2003-05-16
573,574,2003-05-16
574,575,2003-05-16
575,576,2003-05-15
576,577,2003-05-15
577,578,1995-09-05
578,579,2003-05-14
579,580,2003-05-14
580,581,1997-01-01
581,582,2001-01-09
582,583,1999-02-06
583,584,1997-11-01
584,585,1997-11-01
585,586,2002-07-03
586,587,2003-05-06
587,588,2003-05-03
588,589,2003-05-02
589,590,2003-05-02
590,591,2003-05-02
591,592,2003-02-04
592,593,2003-05-02
593,594,2003-05-02
594,595,2003-05-02
595,596,2003-04-29
596,597,2002-08-03
597,598,2003-04-22
598,599,2003-04-19
599,600,1995-12-09
600,601,1998-03-11
601,602,2003-04-18
602,603,2003-04-18
603,604,2003-04-12
604,605,2003-04-12
605,606,2003-04-11
606,607,2003-04-11
607,608,2002-06-14
608,609,1999-05-01
609,610,2003-04-10
610,611,2003-04-08
611,612,2003-04-03
612,613,2003-04-02
613,614,2002-10-09
614,615,2003-04-02
615,616,1998-05-14
616,617,2003-03-27
617,618,2003-03-27
618,619,2003-02-25
619,620,2003-03-22
620,621,2003-03-20
621,622,2003-03-14
622,623,2002-04-09
623,624,2002-06-18
624,625,2003-03-05
625,626,2003-02-26
626,627,2003-02-19
627,628,2003-02-13
628,629,2003-02-11
629,630,2000-08-18
630,631,2003-02-11
631,632,1998-03-08
632,633,1996-04-07
633,634,2003-02-08
634,635,2003-02-07
635,636,2003-02-06
636,637,1993-07-01
637,638,1992-01-01
638,639,2003-02-06
639,640,2003-01-30
640,641,2003-01-25
641,642,2003-01-25
642,643,2003-01-25
643,644,2000-03-17
644,645,2003-01-18
645,646,2003-01-17
646,647,2003-01-17
647,648,2003-01-10
648,649,2002-11-05
649,650,2003-01-07
650,651,2002-12-28
651,652,2002-12-25
652,653,2002-12-21
653,654,2001-03-17
654,655,1995-04-01
655,656,1993-03-01
656,657,2002-12-19
657,658,2002-12-18
658,659,2002-12-17
659,660,2002-12-13
660,661,2002-12-06
661,662,2002-12-06
662,663,2002-12-06
663,664,2002-12-05
664,665,2002-12-05
665,666,2002-12-04
666,667,2002-12-04
667,668,2002-11-30
668,669,2002-11-28
669,670,2002-11-20
670,671,2002-05-10
671,672,2002-11-20
672,673,2002-11-15
673,674,2002-11-08
674,675,2002-11-07
675,676,2002-11-06
676,677,2002-11-06
677,678,2002-11-06
678,679,2002-11-06
679,680,2002-11-05
680,681,2002-11-01
681,682,2002-10-31
682,683,2002-10-31
683,684,2002-10-29
684,685,2002-10-26
685,686,2002-10-26
686,687,2002-10-26
687,688,2000-07-06
688,689,2000-04-27
689,690,2002-10-24
690,691,2002-10-24
691,692,2000-05-23
692,693,1999-11-30
693,694,1994-04-08
694,695,1998-04-07
695,696,2002-10-23
696,697,2002-10-11
697,698,2002-10-03
698,699,2002-10-01
699,700,2002-09-27
700,701,2002-09-27
701,702,2002-09-26
702,703,2002-09-25
703,704,2002-09-18
704,705,2002-05-15
705,706,2002-09-14
706,707,2002-02-19
707,708,2002-09-14
708,709,2002-09-13
709,710,2002-09-05
710,711,2002-09-05
711,712,2002-09-03
712,713,2000-02-08
713,714,2001-04-05
714,715,2002-09-03
715,716,2002-08-31
716,717,2002-08-28
717,718,1991-01-01
718,719,2002-08-27
719,720,2002-08-24
720,721,2002-08-21
721,722,2002-08-10
722,723,2002-08-09
723,724,2002-08-08
724,725,2002-08-07
725,726,2002-08-07
726,727,1999-08-25
727,728,2002-08-06
728,729,2002-08-06
729,730,2002-08-06
730,731,2002-07-24
731,732,2002-07-24
732,733,2002-06-28
733,734,2002-06-18
734,735,2002-07-23
735,736,2002-07-20
736,737,2002-07-16
737,738,2001-02-24
738,739,2002-07-13
739,740,2002-07-12
740,741,1993-02-01
741,742,2002-06-28
742,743,2002-06-28
743,744,2002-06-28
744,745,2002-06-25
745,746,2002-06-25
746,747,2002-06-20
747,748,2002-06-20
748,749,2002-01-05
749,750,2001-09-12
750,751,2002-06-13
751,752,2002-06-12
752,753,2002-06-08
753,754,2002-06-05
754,755,2001-11-28
755,756,2002-06-01
756,757,2002-06-01
757,758,2002-05-28
758,759,1998-06-06
759,760,2002-05-25
760,761,2002-05-25
761,762,1996-08-01
762,763,2002-05-25
763,764,2002-05-23
764,765,2002-05-17
765,766,2002-05-16
766,767,2002-01-05
767,768,2002-05-15
768,769,2002-04-02
769,770,2002-05-15
770,771,2002-05-10
771,772,2002-05-10
772,773,2002-05-09
773,774,2002-05-07
774,775,2002-05-04
775,776,2001-02-24
776,777,2002-05-03
777,778,2002-05-01
778,779,2002-04-30
779,780,2002-04-20
780,781,2002-04-20
781,782,2002-04-11
782,783,2002-04-05
783,784,2001-09-21
784,785,2001-04-11
785,786,2002-04-04
786,787,2002-03-30
787,788,2002-03-26
788,789,2002-03-23
789,790,2002-03-22
790,791,2002-03-13
791,792,2002-03-12
792,793,2002-02-28
793,794,2002-02-23
794,795,2000-03-07
795,796,2002-02-23
796,797,2002-02-22
797,798,2002-02-19
798,799,2002-02-19
799,800,2002-02-16
800,801,2002-02-16
801,802,2000-03-11
802,803,1997-04-10
803,804,2002-02-09
804,805,2002-02-07
805,806,2002-02-05
806,807,2002-02-01
807,808,2002-01-25
808,809,2002-01-22
809,810,2002-01-19
810,811,2002-01-19
811,812,2002-01-18
812,813,2002-01-17
813,814,2002-01-05
814,815,2002-01-05
815,816,2002-01-05
816,817,2001-12-23
817,818,2001-12-18
818,819,2001-12-12
819,820,2001-12-12
820,821,2001-07-05
821,822,1998-03-21
822,823,2001-12-06
823,824,2001-12-01
824,825,2001-12-01
825,826,2001-11-29
826,827,2001-11-27
827,828,2001-11-22
828,829,1999-11-05
829,830,2001-11-10
830,831,2001-11-10
831,832,2001-11-07
832,833,2001-11-06
833,834,2001-11-01
834,835,2001-10-31
835,836,2001-10-30
836,837,2001-10-27
837,838,2001-10-25
838,839,2001-10-24
839,840,2001-10-18
840,841,2001-10-18
841,842,2000-08-30
842,843,2001-10-16
843,844,2001-10-03
844,845,2001-09-28
845,846,2001-09-28
846,847,2001-09-26
847,848,2001-09-25
848,849,2000-08-01
849,850,1998-12-30
850,851,1998-06-25
851,852,2001-09-19
852,853,2001-09-11
853,854,2001-09-05
854,855,2001-09-04
855,856,2001-08-28
856,857,2001-08-25
857,858,2001-08-23
858,859,2001-08-16
859,860,2001-08-10
860,861,1997-10-04
861,862,1995-12-09
862,863,1993-05-08
863,864,2001-08-08
864,865,2001-07-31
865,866,2001-07-28
866,867,2001-07-27
867,868,2001-07-27
868,869,2001-07-24
869,870,2001-07-21
870,871,2001-07-19
871,872,2001-07-17
872,873,2001-07-14
873,874,2001-07-12
874,875,2001-07-11
875,876,2001-07-11
876,877,2001-07-06
877,878,2001-07-05
878,879,2001-07-05
879,880,2001-07-04
880,881,2001-06-26
881,882,2001-06-23
882,883,2001-06-21
883,884,2001-06-13
884,885,2001-06-13
885,886,2001-06-09
886,887,1995-12-09
887,888,2001-06-05
888,889,1998-04-09
889,890,1994-08-01
890,891,1992-10-01
891,892,2001-05-31
892,893,2001-05-29
893,894,1999-11-11
894,895,2001-05-26
895,896,2001-05-23
896,897,2001-05-17
897,898,2001-05-12
898,899,2001-05-12
899,900,1997-01-01
900,901,2001-05-12
901,902,2001-05-01
902,903,2001-05-01
903,904,2001-05-01
904,905,2001-04-28
905,906,1995-05-01
906,907,2001-04-28
907,908,2001-04-27
908,909,2001-04-21
909,910,2001-04-17
910,911,2001-04-11
911,912,1999-07-08
912,913,1999-04-02
913,914,1999-09-03
914,915,2001-04-11
915,916,2001-04-11
916,917,2001-03-30
917,918,2001-03-27
918,919,2001-03-23
919,920,2001-03-23
920,921,2001-03-10
921,922,2001-03-10
922,923,2001-02-24
923,924,2001-02-24
924,925,2001-02-24
925,926,1995-04-08
926,927,2001-02-24
927,928,2001-02-24
928,929,2001-02-24
929,930,2001-02-24
930,931,2001-02-24
931,932,2001-02-24
932,933,2001-02-15
933,934,2001-02-15
934,935,2001-02-15
935,936,2001-02-13
936,937,2001-02-13
937,938,2001-02-07
938,939,2001-02-07
939,940,2001-01-13
940,941,2001-01-09
941,942,2001-01-06
942,943,2001-01-04
943,944,2001-01-04
944,945,2001-01-04
945,946,2000-12-29
946,947,2000-12-08
947,948,2000-12-08
948,949,2000-12-07
949,950,1994-09-22
950,951,2000-11-30
951,952,2000-11-30
952,953,2000-11-30
953,954,2000-11-22
954,955,1999-01-13
955,956,1997-07-01
956,957,2000-11-18
957,958,2000-11-07
958,959,2000-10-13
959,960,2000-10-12
960,961,2000-09-30
961,962,2000-09-30
962,963,2000-09-30
963,964,2000-09-29
964,965,2000-09-22
965,966,2000-09-15
966,967,2000-09-14
967,968,2000-08-31
968,969,2000-08-29
969,970,2000-08-26
970,971,1997-11-14
971,972,1995-07-01
972,973,2000-08-25
973,974,2000-08-22
974,975,2000-08-19
975,976,2000-08-18
976,977,2000-08-16
977,978,2000-08-15
978,979,2000-08-11
979,980,2000-06-13
980,981,2000-03-21
981,982,2000-08-11
982,983,2000-08-10
983,984,2000-08-10
984,985,2000-08-10
985,986,2000-08-05
986,987,1995-07-01
987,988,1993-07-01
988,989,2000-08-05
989,990,2000-08-01
990,991,2000-08-01
991,992,2000-07-25
992,993,2000-07-14
993,994,2000-07-06
994,995,2000-07-06
995,996,2000-06-30
996,997,2000-06-29
997,998,2000-06-16
998,999,2000-06-14
999,1000,2000-06-10
1000,1001,2000-06-10
1001,1002,2000-06-02
1002,1003,2000-06-01
1003,1004,2000-05-29
1004,1005,2000-05-24
1005,1006,2000-05-17
1006,1007,2000-05-17
1007,1008,1992-07-01
1008,1009,1999-11-05
1009,1010,2000-05-16
1010,1011,2000-05-10
1011,1012,2000-05-03
1012,1013,2000-05-02
1013,1014,2000-05-01
1014,1015,1997-01-01
1015,1016,1994-04-01
1016,1017,2000-05-01
1017,1018,2000-05-01
1018,1019,2000-04-25
1019,1020,2000-04-13
1020,1021,2000-04-13
1021,1022,2000-04-13
1022,1023,2000-04-05
1023,1024,2000-04-05
1024,1025,2000-03-29
1025,1026,1995-01-01
1026,1027,2000-03-29
1027,1028,2000-03-21
1028,1029,2000-03-21
1029,1030,2000-01-06
1030,1031,2000-03-21
1031,1032,2000-03-14
1032,1033,2000-03-11
1033,1034,2000-03-09
1034,1035,2000-03-08
1035,1036,2000-03-04
1036,1037,2000-03-01
1037,1038,2000-02-22
1038,1039,2000-02-22
1039,1040,2000-02-19
1040,1041,1996-09-01
1041,1042,1995-01-01
1042,1043,1992-01-01
1043,1044,2000-02-10
1044,1045,2000-02-09
1045,1046,2000-02-05
1046,1047,2000-02-05
1047,1048,2000-01-11
1048,1049,2000-01-06
1049,1050,1999-10-28
1050,1051,2000-01-06
1051,1052,2000-01-06
1052,1053,2000-01-06
1053,1054,2000-01-05
1054,1055,2000-01-01
1055,1056,1999-12-23
1056,1057,1999-12-10
1057,1058,1999-12-03
1058,1059,1995-05-08
1059,1060,1999-11-26
1060,1061,1990-08-01
1061,1062,1999-11-26
1062,1063,1999-11-17
1063,1064,1993-10-01
1064,1065,1999-11-11
1065,1066,1999-11-11
1066,1067,1999-10-28
1067,1068,1999-10-28
1068,1069,1999-10-08
1069,1070,1999-10-08
1070,1071,1995-07-01
1071,1072,1999-09-14
1072,1073,1999-09-11
1073,1074,1999-09-09
1074,1075,1999-08-27
1075,1076,1999-08-25
1076,1077,1999-08-24
1077,1078,1999-08-24
1078,1079,1999-08-04
1079,1080,1999-08-01
1080,1081,1999-07-31
1081,1082,1999-07-29
1082,1083,1999-07-28
1083,1084,1999-07-16
1084,1085,1996-04-01
1085,1086,1999-07-16
1086,1087,1999-07-15
1087,1088,1997-05-01
1088,1089,1996-05-01
1089,1090,1999-07-09
1090,1091,1999-07-09
1091,1092,1999-07-09
1092,1093,1999-07-02
1093,1094,1999-07-01
1094,1095,1999-07-01
1095,1096,1993-02-07
1096,1097,1992-12-09
1097,1098,1999-07-01
1098,1099,1999-07-01
1099,1100,1993-03-09
1100,1101,1999-06-29
1101,1102,1999-06-11
1102,1103,1999-06-09
1103,1104,1995-07-01
1104,1105,1994-10-01
1105,1106,1999-06-09
1106,1107,1999-06-04
1107,1108,1999-05-27
1108,1109,1999-05-27
1109,1110,1989-09-01
1110,1111,1999-05-27
1111,1112,1999-05-27
1112,1113,1999-05-27
1113,1114,1999-05-27
1114,1115,1999-05-27
1115,1116,1999-05-27
1116,1117,1996-11-03
1117,1118,1996-10-04
1118,1119,1999-05-13
1119,1120,1999-05-11
1120,1121,1999-05-08
1121,1122,1999-05-06
1122,1123,1998-04-29
1123,1124,1999-05-06
1124,1125,1999-04-14
1125,1126,1999-04-10
1126,1127,1999-04-09
1127,1128,1999-04-09
1128,1129,1999-04-03
1129,1130,1999-04-02
1130,1131,1999-04-02
1131,1132,1999-03-25
1132,1133,1999-03-19
1133,1134,1999-03-09
1134,1135,1997-10-07
1135,1136,1999-03-18
1136,1137,1999-03-06
1137,1138,1999-03-04
1138,1139,1999-02-27
1139,1140,1999-01-23
1140,1141,1994-07-01
1141,1142,1990-01-01
1142,1143,1987-09-01
1143,1144,1999-02-20
1144,1145,1999-02-10
1145,1146,1999-02-09
1146,1147,1999-02-06
1147,1148,1999-01-30
1148,1149,1999-01-12
1149,1150,1999-01-12
1150,1151,1999-01-01
1151,1152,1995-01-01
1152,1153,1998-12-29
1153,1154,1998-10-20
1154,1155,1998-12-29
1155,1156,1998-12-22
1156,1157,1998-12-18
1157,1158,1998-12-09
1158,1159,1998-12-05
1159,1160,1998-12-02
1160,1161,1998-11-26
1161,1162,1998-11-17
1162,1163,1998-11-14
1163,1164,1998-11-14
1164,1165,1996-02-01
1165,1166,1995-11-01
1166,1167,1995-04-01
1167,1168,1995-04-01
1168,1169,1995-01-01
1169,1170,1993-10-01
1170,1171,1993-09-01
1171,1172,1998-11-13
1172,1173,1992-10-01
1173,1174,1995-05-01
1174,1175,1998-11-04
1175,1176,1998-11-04
1176,1177,1998-11-03
1177,1178,1998-10-30
1178,1179,1998-10-28
1179,1180,1998-10-20
1180,1181,1998-10-08
1181,1182,1998-09-24
1182,1183,1998-09-18
1183,1184,1998-09-16
1184,1185,1993-12-09
1185,1186,1998-09-04
1186,1187,1998-09-04
1187,1188,1998-09-02
1188,1189,1998-08-29
1189,1190,1998-08-29
1190,1191,1998-08-28
1191,1192,1998-08-08
1192,1193,1998-08-05
1193,1194,1997-04-07
1194,1195,1998-08-05
1195,1196,1998-08-05
1196,1197,1994-03-04
1197,1198,1998-07-24
1198,1199,1998-07-21
1199,1200,1998-07-14
1200,1201,1998-07-11
1201,1202,1998-07-04
1202,1203,1998-07-04
1203,1204,1998-07-03
1204,1205,1998-06-23
1205,1206,1998-06-17
1206,1207,1998-06-11
1207,1208,1998-06-06
1208,1209,1998-05-30
1209,1210,1998-05-26
1210,1211,1993-01-01
1211,1212,1998-05-26
1212,1213,1997-08-01
1213,1214,1998-05-20
1214,1215,1998-05-20
1215,1216,1998-05-14
1216,1217,1998-04-18
1217,1218,1998-04-13
1218,1219,1998-04-07
1219,1220,1998-04-07
1220,1221,1996-04-07
1221,1222,1996-03-08
1222,1223,1998-04-04
1223,1224,1998-04-02
1224,1225,1998-03-31
1225,1226,1998-01-27
1226,1227,1998-03-31
1227,1228,1998-03-26
1228,1229,1998-03-20
1229,1230,1998-03-13
1230,1231,1997-12-10
1231,1232,1998-03-08
1232,1233,1998-02-28
1233,1234,1998-02-26
1234,1235,1998-02-26
1235,1236,1998-02-19
1236,1237,1998-02-06
1237,1238,1998-02-06
1238,1239,1998-02-04
1239,1240,1998-01-23
1240,1241,1998-01-16
1241,1242,1998-01-10
1242,1243,1997-12-10
1243,1244,1997-12-31
1244,1245,1997-04-01
1245,1246,1997-12-24
1246,1247,1997-12-16
1247,1248,1997-12-11
1248,1249,1997-12-08
1249,1250,1997-12-08
1250,1251,1997-11-14
1251,1252,1997-11-14
1252,1253,1997-11-14
1253,1254,1997-11-14
1254,1255,1997-11-05
1255,1256,1997-11-03
1256,1257,1997-11-03
1257,1258,1997-11-03
1258,1259,1996-08-05
1259,1260,1997-11-03
1260,1261,1997-11-01
1261,1262,1997-10-29
1262,1263,1997-10-07
1263,1264,1997-10-07
1264,1265,1997-10-07
1265,1266,1997-10-07
1266,1267,1997-10-06
1267,1268,1997-10-04
1268,1269,1997-10-04
1269,1270,1997-09-26
1270,1271,1997-09-05
1271,1272,1995-08-01
1272,1273,1997-09-04
1273,1274,1997-08-05
1274,1275,1997-08-05
1275,1276,1997-08-01
1276,1277,1997-08-01
1277,1278,1997-08-01
1278,1279,1997-07-01
1279,1280,1997-07-01
1280,1281,1997-07-01
1281,1282,1997-07-01
1282,1283,1997-07-01
1283,1284,1997-07-01
1284,1285,1997-06-01
1285,1286,1997-05-07
1286,1287,1997-05-01
1287,1288,1997-05-01
1288,1289,1997-05-01
1289,1290,1997-05-01
1290,1291,1997-05-01
1291,1292,1997-04-07
1292,1293,1997-04-01
1293,1294,1997-04-01
1294,1295,1997-04-01
1295,1296,1997-04-01
1296,1297,1997-03-08
1297,1298,1997-03-08
1298,1299,1997-03-03
1299,1300,1997-03-01
1300,1301,1997-03-01
1301,1302,1997-03-01
1302,1303,1997-03-01
1303,1304,1997-03-01
1304,1305,1997-03-01
1305,1306,1997-03-01
1306,1307,1997-03-01
1307,1308,1997-03-01
1308,1309,1997-03-01
1309,1310,1997-02-06
1310,1311,1997-02-06
1311,1312,1997-02-06
1312,1313,1997-02-01
1313,1314,1997-02-01
1314,1315,1997-01-15
1315,1316,1997-01-01
1316,1317,1997-01-01
1317,1318,1997-01-01
1318,1319,1997-01-01
1319,1320,1997-01-01
1320,1321,1997-01-01
1321,1322,1997-01-01
1322,1323,1997-01-01
1323,1324,1997-01-01
1324,1325,1997-01-01
1325,1326,1997-01-01
1326,1327,1988-01-01
1327,1328,1997-01-01
1328,1329,1997-01-01
1329,1330,1997-01-01
1330,1331,1997-01-01
1331,1332,1989-01-01
1332,1333,1989-01-01
1333,1334,1997-01-01
1334,1335,1996-03-01
1335,1336,1994-01-01
1336,1337,1996-12-08
1337,1338,1991-12-10
1338,1339,1989-01-01
1339,1340,1988-08-01
1340,1341,1996-12-08
1341,1342,1996-12-08
1342,1343,1996-12-08
1343,1344,1996-12-08
1344,1345,1996-12-01
1345,1346,1996-12-01
1346,1347,1996-12-01
1347,1348,1996-12-01
1348,1349,1996-12-01
1349,1350,1996-12-01
1350,1351,1996-11-01
1351,1352,1996-11-01
1352,1353,1995-08-10
1353,1354,1996-11-01
1354,1355,1996-10-01
1355,1356,1996-10-01
1356,1357,1996-02-01
1357,1358,1993-12-01
1358,1359,1992-09-01
1359,1360,1996-10-01
1360,1361,1994-10-01
1361,1362,1996-09-16
1362,1363,1996-09-01
1363,1364,1996-09-01
1364,1365,1996-09-01
1365,1366,1992-01-01
1366,1367,1996-09-01
1367,1368,1996-09-01
1368,1369,1996-09-01
1369,1370,1996-09-01
1370,1371,1996-09-01
1371,1372,1996-08-01
1372,1373,1996-07-01
1373,1374,1995-12-09
1374,1375,1995-12-09
1375,1376,1995-12-09
1376,1377,1996-07-01
1377,1378,1996-07-01
1378,1379,1996-07-01
1379,1380,1992-10-01
1380,1381,1991-01-09
1381,1382,1988-01-01
1382,1383,1996-07-01
1383,1384,1996-06-06
1384,1385,1996-06-06
1385,1386,1994-10-05
1386,1387,1996-06-01
1387,1388,1996-06-01
1388,1389,1996-06-01
1389,1390,1996-06-01
1390,1391,1996-05-06
1391,1392,1996-05-01
1392,1393,1996-05-01
1393,1394,1996-05-01
1394,1395,1994-06-01
1395,1396,1996-05-01
1396,1397,1996-05-01
1397,1398,1996-05-01
1398,1399,1994-05-01
1399,1400,1996-04-08
1400,1401,1996-04-01
1401,1402,1996-04-01
1402,1403,1996-04-01
1403,1404,1996-03-08
1404,1405,1996-03-01
1405,1406,1996-01-01
1406,1407,1996-02-07
1407,1408,1996-02-07
1408,1409,1996-01-01
1409,1410,1996-01-01
1410,1411,1996-01-01
1411,1412,1995-07-01
1412,1413,1996-01-01
1413,1414,1996-01-01
1414,1415,1996-01-01
1415,1416,1994-05-01
1416,1417,1996-01-01
1417,1418,1996-01-01
1418,1419,1996-01-01
1419,1420,1996-01-01
1420,1421,1996-01-01
1421,1422,1996-01-01
1422,1423,1996-01-01
1423,1424,1996-01-01
1424,1425,1996-01-01
1425,1426,1996-01-01
1426,1427,1996-01-01
1427,1428,1996-01-01
1428,1429,1996-01-01
1429,1430,1996-01-01
1430,1431,1996-01-01
1431,1432,1995-12-15
1432,1433,1995-12-09
1433,1434,1995-12-09
1434,1435,1995-12-09
1435,1436,1995-12-09
1436,1437,1995-12-09
1437,1438,1995-12-09
1438,1439,1995-12-09
1439,1440,1995-12-09
1440,1441,1995-12-09
1441,1442,1995-12-09
1442,1443,1995-12-09
1443,1444,1995-12-09
1444,1445,1995-12-09
1445,1446,1995-09-05
1446,1447,1995-12-02
1447,1448,1995-12-01
1448,1449,1995-12-01
1449,1450,1993-07-01
1450,1451,1991-10-01
1451,1452,1995-12-01
1452,1453,1995-12-01
1453,1454,1994-02-01
1454,1455,1995-12-01
1455,1456,1995-12-01
1456,1457,1995-11-04
1457,1458,1995-11-01
1458,1459,1995-11-01
1459,1460,1995-11-01
1460,1461,1995-11-01
1461,1462,1995-11-01
1462,1463,1990-08-22
1463,1464,1995-10-05
1464,1465,1995-10-01
1465,1466,1995-10-01
1466,1467,1995-10-01
1467,1468,1995-09-01
1468,1469,1995-09-01
1469,1470,1995-09-01
1470,1471,1995-08-06
1471,1472,1995-08-06
1472,1473,1994-03-09
1473,1474,1993-04-08
1474,1475,1992-05-08
1475,1476,1995-08-06
1476,1477,1995-08-06
1477,1478,1995-08-01
1478,1479,1995-08-01
1479,1480,1995-07-01
1480,1481,1995-07-01
1481,1482,1995-07-01
1482,1483,1995-07-01
1483,1484,1995-07-01
1484,1485,1995-07-01
1485,1486,1995-07-01
1486,1487,1995-07-01
1487,1488,1995-07-01
1488,1489,1995-07-01
1489,1490,1995-07-01
1490,1491,1991-07-01
1491,1492,1989-11-01
1492,1493,1995-06-01
1493,1494,1995-06-01
1494,1495,1995-06-01
1495,1496,1995-05-08
1496,1497,1995-05-01
1497,1498,1995-05-01
1498,1499,1995-04-08
1499,1500,1995-04-01
1500,1501,1995-04-01
1501,1502,1995-04-01
1502,1503,1995-04-01
1503,1504,1995-04-01
1504,1505,1995-03-01
1505,1506,1995-03-01
1506,1507,1995-03-01
1507,1508,1995-02-07
1508,1509,1995-02-01
1509,1510,1995-02-01
1510,1511,1995-02-01
1511,1512,1995-01-01
1512,1513,1990-04-09
1513,1514,1995-01-01
1514,1515,1995-01-01
1515,1516,1995-01-01
1516,1517,1995-01-01
1517,1518,1995-01-01
1518,1519,1995-01-01
1519,1520,1995-01-01
1520,1521,1995-01-01
1521,1522,1995-01-01
1522,1523,1995-01-01
1523,1524,1995-01-01
1524,1525,1995-01-01
1525,1526,1994-12-09
1526,1527,1992-01-01
1527,1528,1994-12-09
1528,1529,1994-12-01
1529,1530,1994-12-01
1530,1531,1994-11-01
1531,1532,1989-01-01
1532,1533,1994-11-01
1533,1534,1994-08-01
1534,1535,1994-10-01
1535,1536,1994-10-01
1536,1537,1994-09-28
1537,1538,1994-09-01
1538,1539,1994-09-01
1539,1540,1994-08-24
1540,1541,1994-08-01
1541,1542,1994-08-01
1542,1543,1994-08-01
1543,1544,1994-07-07
1544,1545,1994-07-01
1545,1546,1994-07-01
1546,1547,1994-06-07
1547,1548,1994-06-07
1548,1549,1994-06-07
1549,1550,1994-06-02
1550,1551,1994-06-01
1551,1552,1991-09-16
1552,1553,1994-06-01
1553,1554,1994-06-01
1554,1555,1994-05-08
1555,1556,1994-05-01
1556,1557,1994-04-08
1557,1558,1994-04-08
1558,1559,1993-04-08
1559,1560,1994-04-01
1560,1561,1994-04-01
1561,1562,1994-01-01
1562,1563,1993-07-01
1563,1564,1994-04-01
1564,1565,1994-03-04
1565,1566,1994-03-01
1566,1567,1994-03-01
1567,1568,1994-03-01
1568,1569,1994-02-07
1569,1570,1994-02-01
1570,1571,1994-01-01
1571,1572,1994-01-01
1572,1573,1994-01-01
1573,1574,1994-01-01
1574,1575,1994-01-01
1575,1576,1994-01-01
1576,1577,1994-01-01
1577,1578,1993-11-01
1578,1579,1990-04-01
1579,1580,1994-01-01
1580,1581,1994-01-01
1581,1582,1994-01-01
1582,1583,1993-02-07
1583,1584,1994-01-01
1584,1585,1994-01-01
1585,1586,1993-07-01
1586,1587,1993-12-01
1587,1588,1993-12-01
1588,1589,1993-12-01
1589,1590,1993-11-01
1590,1591,1993-11-01
1591,1592,1993-11-01
1592,1593,1993-11-01
1593,1594,1993-11-01
1594,1595,1993-10-05
1595,1596,1993-10-05
1596,1597,1993-10-05
1597,1598,1993-10-05
1598,1599,1993-10-01
1599,1600,1993-10-01
1600,1601,1993-10-01
1601,1602,1993-10-01
1602,1603,1991-10-06
1603,1604,1993-09-01
1604,1605,1993-08-06
1605,1606,1993-08-06
1606,1607,1993-08-06
1607,1608,1993-07-07
1608,1609,1993-07-01
1609,1610,1991-07-01
1610,1611,1990-12-01
1611,1612,1990-09-01
1612,1613,1993-01-01
1613,1614,1992-12-25
1614,1615,1991-12-10
1615,1616,1993-07-01
1616,1617,1990-07-01
1617,1618,1988-07-01
1618,1619,1993-07-01
1619,1620,1993-05-01
1620,1621,1993-05-01
1621,1622,1993-05-01
1622,1623,1993-04-08
1623,1624,1993-04-08
1624,1625,1993-04-01
1625,1626,1993-04-01
1626,1627,1993-04-01
1627,1628,1993-03-09
1628,1629,1993-03-01
1629,1630,1993-03-01
1630,1631,1993-03-01
1631,1632,1993-03-01
1632,1633,1993-03-01
1633,1634,1993-02-07
1634,1635,1992-11-01
1635,1636,1993-02-03
1636,1637,1993-02-01
1637,1638,1993-02-01
1638,1639,1993-02-01
1639,1640,1992-04-01
1640,1641,1993-01-01
1641,1642,1993-01-01
1642,1643,1993-01-01
1643,1644,1993-01-01
1644,1645,1993-01-01
1645,1646,1992-12-09
1646,1647,1992-12-09
1647,1648,1992-12-09
1648,1649,1992-12-01
1649,1650,1992-12-01
1650,1651,1991-09-16
1651,1652,1992-12-01
1652,1653,1992-10-05
1653,1654,1992-10-01
1654,1655,1992-09-05
1655,1656,1992-09-01
1656,1657,1992-09-01
1657,1658,1992-07-01
1658,1659,1992-07-01
1659,1660,1992-06-01
1660,1661,1992-05-08
1661,1662,1992-05-08
1662,1663,1992-05-01
1663,1664,1992-05-01
1664,1665,1992-05-01
1665,1666,1992-05-01
1666,1667,1992-05-01
1667,1668,1992-04-08
1668,1669,1991-05-01
1669,1670,1992-04-01
1670,1671,1992-03-31
1671,1672,1992-03-09
1672,1673,1992-03-01
1673,1674,1992-03-01
1674,1675,1992-03-01
1675,1676,1990-03-01
1676,1677,1992-02-08
1677,1678,1992-02-01
1678,1679,1992-01-09
1679,1680,1992-01-01
1680,1681,1992-01-01
1681,1682,1992-01-01
1682,1683,1990-09-01
1683,1684,1989-08-01
1684,1685,1992-01-01
1685,1686,1992-01-01
1686,1687,1992-01-01
1687,1688,1992-01-01
1688,1689,1991-12-10
1689,1690,1991-12-10
1690,1691,1991-12-10
1691,1692,1991-12-10
1692,1693,1991-12-10
1693,1694,1991-01-01
1694,1695,1991-12-01
1695,1696,1991-12-01
1696,1697,1991-11-05
1697,1698,1991-11-01
1698,1699,1991-11-01
1699,1700,1991-11-01
1700,1701,1990-09-01
1701,1702,1991-11-01
1702,1703,1991-11-01
1703,1704,1991-10-06
1704,1705,1991-10-06
1705,1706,1991-10-06
1706,1707,1991-10-01
1707,1708,1991-10-01
1708,1709,1991-09-01
1709,1710,1991-09-01
1710,1711,1991-08-01
1711,1712,1991-07-01
1712,1713,1991-06-01
1713,1714,1991-05-09
1714,1715,1991-05-01
1715,1716,1991-05-01
1716,1717,1991-04-09
1717,1718,1991-04-01
1718,1719,1988-04-01
1719,1720,1991-03-10
1720,1721,1991-03-10
1721,1722,1991-03-10
1722,1723,1991-03-01
1723,1724,1991-02-08
1724,1725,1990-12-10
1725,1726,1991-02-08
1726,1727,1991-02-03
1727,1728,1991-02-01
1728,1729,1991-02-01
1729,1730,1991-01-09
1730,1731,1991-01-01
1731,1732,1991-01-01
1732,1733,1991-01-01
1733,1734,1991-01-01
1734,1735,1991-01-01
1735,1736,1990-12-10
1736,1737,1990-12-10
1737,1738,1990-11-01
1738,1739,1990-01-01
1739,1740,1990-10-01
1740,1741,1990-04-01
1741,1742,1987-07-01
1742,1743,1990-08-07
1743,1744,1990-07-01
1744,1745,1990-07-01
1745,1746,1989-01-01
1746,1747,1990-07-01
1747,1748,1988-12-01
1748,1749,1990-05-01
1749,1750,1990-05-01
1750,1751,1990-04-09
1751,1752,1989-12-01
1752,1753,1990-04-01
1753,1754,1990-03-01
1754,1755,1990-03-01
1755,1756,1990-01-01
1756,1757,1990-01-01
1757,1758,1990-01-01
1758,1759,1988-01-01
1759,1760,1990-01-01
1760,1761,1990-01-01
1761,1762,1990-01-01
1762,1763,1990-01-01
1763,1764,1990-01-01
1764,1765,1990-01-01
1765,1766,1989-12-10
1766,1767,1989-12-10
1767,1768,1989-10-01
1768,1769,1989-09-01
1769,1770,1989-09-01
1770,1771,1989-08-01
1771,1772,1989-08-01
1772,1773,1989-04-01
1773,1774,1989-08-01
1774,1775,1987-07-01
1775,1776,1989-06-01
1776,1777,1989-04-14
1777,1778,1989-04-01
1778,1779,1989-03-01
1779,1780,1989-02-01
1780,1781,1989-01-01
1781,1782,1989-01-01
1782,1783,1989-01-01
1783,1784,1988-10-01
1784,1785,1988-10-01
1785,1786,1988-03-01
1786,1787,1988-03-01
1787,1788,1988-01-01
1788,1789,1988-01-01
1789,1790,1988-01-01
1790,1791,1987-11-06
1791,1792,1987-11-01
1792,1793,1987-10-01
1793,1794,1987-10-01
1794,1795,1987-09-01
1795,1796,1987-09-01
1796,1797,1987-09-01
1797,1798,1987-01-01
1798,1799,1986-01-01
