ID,Year
0,2008-11-28
1,2008-11-26
2,1993-07-01
3,2008-09-16
4,2008-07-18
5,2007-12-27
6,2007-04-07
7,2007-02-03
8,2007-02-03
9,2007-02-03
10,2007-02-03
11,2007-02-03
12,1997-01-01
13,2007-02-03
14,2007-02-03
15,2002-06-28
16,2007-02-03
17,2007-02-03
18,2007-02-03
19,2007-02-03
20,2006-11-10
21,2006-10-13
22,2006-06-21
23,2006-06-07
24,2006-05-06
25,2001-04-04
26,2006-04-06
27,2006-04-06
28,2006-02-17
29,2003-07-17
30,2006-01-25
31,2005-12-08
32,2005-11-19
33,2004-07-01
34,2004-04-29
35,2004-04-29
36,2004-08-25
37,2004-04-02
38,2002-06-20
39,2001-08-10
40,1998-12-16
41,1997-01-01
42,2003-05-08
43,2005-10-20
44,2005-10-20
45,2005-10-20
46,2005-10-18
47,2005-10-18
48,2005-06-22
49,2004-08-26
50,2004-08-12
51,2003-04-18
52,2003-01-22
53,2002-10-26
54,2002-05-28
55,2001-04-25
56,2001-04-25
57,2000-08-18
58,2000-08-01
59,2000-08-01
60,2000-05-02
61,2000-03-21
62,2005-10-20
63,2004-03-05
64,2004-02-26
65,2003-12-20
66,2003-05-31
67,2003-04-18
68,2003-01-22
69,2002-10-26
70,2002-06-18
71,2002-05-28
72,2001-09-08
73,2001-08-08
74,2001-04-25
75,2000-05-02
76,2000-03-21
77,2000-01-06
78,1999-10-28
79,1999-07-01
80,1999-05-27
81,1999-05-27
82,1998-08-05
83,1998-03-08
84,1997-10-04
85,1997-09-04
86,1997-06-06
87,1997-02-06
88,1996-11-03
89,1996-10-04
90,1996-09-04
91,1996-02-07
92,1995-11-04
93,1995-09-05
94,1995-05-08
95,1995-03-09
96,1990-12-10
97,2005-10-18
98,2005-10-18
99,2005-10-18
100,2003-08-27
101,2003-04-18
102,1999-07-01
103,2005-10-15
104,2005-09-27
105,2005-07-23
106,2005-06-22
107,2003-08-27
108,2002-03-30
109,2000-03-21
110,2005-05-18
111,2005-05-11
112,2005-05-07
113,2005-04-07
114,2005-04-01
115,2005-03-24
116,2005-03-22
117,2005-03-22
118,2005-03-15
119,2005-02-26
120,2005-02-19
121,2005-02-19
122,2004-08-12
123,2005-02-19
124,2005-02-03
125,2005-01-28
126,2005-01-22
127,2005-01-14
128,2005-01-08
129,2005-01-08
130,2003-07-16
131,2002-02-16
132,2000-03-14
133,1991-01-01
134,2004-12-31
135,2004-10-13
136,2004-12-21
137,2004-12-14
138,2004-12-08
139,2002-11-01
140,2001-03-29
141,2000-02-05
142,2004-12-08
143,2004-05-04
144,2004-05-04
145,2004-12-03
146,1998-05-23
147,2004-12-02
148,2001-04-17
149,2003-05-23
150,2003-07-30
151,2004-05-04
152,2004-06-25
153,2003-02-25
154,2004-11-30
155,2002-07-19
156,2004-11-30
157,2004-07-22
158,2004-11-27
159,2004-11-26
160,2004-11-26
161,2004-11-24
162,1987-12-01
163,2004-11-19
164,2004-11-16
165,2004-11-13
166,2004-01-20
167,2003-01-21
168,2003-01-21
169,2001-07-04
170,1998-02-26
171,1997-05-01
172,1995-03-01
173,2004-11-13
174,2004-11-10
175,2003-05-03
176,2002-06-28
177,2004-11-09
178,2004-11-05
179,2004-11-03
180,2004-11-03
181,2004-11-03
182,2004-10-30
183,2003-02-11
184,2004-10-30
185,2004-10-27
186,2004-10-27
187,2004-09-21
188,2002-04-05
189,2004-02-10
190,2001-02-17
191,2004-10-23
192,2004-10-20
193,2004-10-20
194,2003-10-14
195,2004-10-20
196,2004-10-16
197,1993-11-01
198,2004-10-12
199,2004-06-09
200,2004-10-09
201,2004-10-08
202,2004-10-08
203,2004-10-08
204,2004-10-08
205,2004-10-07
206,2004-10-07
207,2004-10-06
208,2004-10-06
209,2004-10-06
210,2004-10-02
211,2004-10-01
212,2004-09-30
213,2001-06-08
214,1999-10-08
215,2004-09-30
216,2004-09-29
217,2004-09-29
218,1995-12-09
219,2004-09-28
220,2004-09-25
221,1998-11-25
222,1998-02-11
223,2004-09-24
224,2004-09-24
225,2004-05-26
226,2004-09-24
227,2004-09-24
228,2004-01-10
229,2004-09-14
230,2004-07-02
231,2004-09-14
232,2004-09-14
233,2004-09-14
234,2003-08-15
235,2002-02-09
236,2003-04-18
237,2004-09-11
238,2004-09-10
239,2001-04-17
240,2000-02-05
241,1996-06-01
242,1991-09-16
243,2002-07-20
244,2004-09-07
245,2003-06-14
246,2002-10-26
247,2004-09-07
248,2004-09-07
249,2004-09-07
250,2004-09-07
251,2004-09-07
252,2000-01-06
253,2004-09-07
254,2004-09-07
255,2002-03-30
256,2003-04-24
257,2004-08-31
258,2004-03-30
259,2004-08-26
260,2004-01-15
261,2004-08-26
262,2004-08-26
263,2003-06-24
264,2003-04-02
265,2004-08-26
266,2004-08-26
267,2004-08-26
268,2004-08-26
269,2004-08-24
270,2004-08-24
271,2004-08-21
272,2004-08-21
273,2004-08-19
274,2004-08-19
275,2004-08-17
276,1997-07-01
277,1995-07-01
278,1995-07-01
279,2004-08-13
280,2004-08-12
281,2002-06-18
282,2004-08-12
283,2004-08-11
284,2000-12-08
285,2004-08-05
286,2004-08-04
287,2004-08-04
288,2004-08-03
289,2004-08-03
290,2004-08-03
291,2004-08-03
292,2004-07-27
293,2004-07-24
294,2004-07-23
295,1997-04-01
296,2004-07-22
297,2004-07-21
298,2003-10-29
299,2004-07-17
300,2004-07-16
301,2004-07-15
302,2004-07-13
303,2004-07-10
304,2004-07-10
305,2004-07-09
306,2004-07-03
307,2004-07-01
308,2004-07-01
309,2004-07-01
310,2003-03-29
311,2002-12-10
312,2002-09-25
313,2002-04-12
314,2001-09-22
315,2001-02-13
316,2000-02-29
317,1999-10-08
318,1999-09-02
319,1999-01-05
320,2001-04-25
321,2004-07-01
322,2004-06-25
323,2004-06-25
324,2004-06-17
325,2004-06-16
326,2004-06-16
327,2004-06-15
328,2002-01-05
329,2004-06-15
330,2004-06-15
331,2004-06-12
332,2004-06-10
333,2004-06-10
334,2004-06-10
335,2004-06-05
336,2004-06-04
337,2004-06-03
338,2004-05-29
339,2004-05-29
340,2004-05-25
341,2004-05-22
342,2004-05-22
343,2004-05-22
344,2004-05-19
345,2004-05-15
346,2004-05-15
347,1999-11-11
348,2004-05-15
349,2004-05-12
350,2004-05-08
351,2004-05-06
352,1988-04-01
353,2004-05-04
354,2004-05-01
355,2004-05-01
356,2004-04-30
357,2004-04-28
358,2002-12-04
359,2002-04-20
360,2001-09-29
361,1998-12-31
362,1998-10-06
363,1998-06-13
364,2004-04-28
365,2002-12-04
366,2002-10-03
367,2004-04-28
368,1999-04-30
369,2004-04-28
370,2004-04-28
371,2004-04-28
372,2000-12-02
373,2000-08-01
374,2004-04-28
375,1999-06-05
376,2004-04-28
377,2004-04-28
378,2004-04-27
379,2004-04-20
380,2004-04-20
381,1995-06-01
382,2004-04-16
383,2004-04-14
384,1995-09-01
385,2004-04-09
386,2004-04-09
387,2004-04-07
388,2002-01-05
389,2004-04-06
390,2004-04-06
391,2004-04-06
392,2004-04-06
393,2004-04-02
394,2001-12-18
395,2004-04-02
396,1999-10-09
397,2004-04-01
398,2004-04-01
399,2004-03-30
400,2004-03-30
401,2003-03-12
402,2004-03-25
403,2004-03-17
404,2004-03-17
405,1997-06-15
406,2004-03-12
407,2004-03-12
408,2004-03-11
409,2004-03-09
410,1998-08-29
411,1998-08-29
412,2004-03-05
413,2004-03-05
414,2004-03-05
415,2004-03-05
416,2004-02-26
417,2004-02-26
418,2004-02-26
419,2004-02-26
420,2004-02-20
421,2004-02-19
422,2003-05-27
423,2004-02-06
424,2004-02-05
425,2003-07-16
426,2004-02-03
427,2004-01-27
428,2004-01-27
429,2004-01-27
430,2004-01-22
431,2004-01-22
432,2004-01-20
433,2004-01-13
434,2004-01-13
435,2004-01-08
436,2004-01-08
437,2004-01-02
438,2004-01-02
439,2004-01-01
440,2004-01-01
441,2003-12-31
442,2003-12-25
443,2003-12-23
444,2003-12-20
445,2002-07-16
446,2000-01-06
447,1999-07-01
448,1999-05-27
449,1998-09-04
450,1998-08-05
451,1998-06-06
452,1998-04-07
453,1998-03-08
454,1997-12-08
455,1997-11-03
456,1997-09-04
457,1997-08-05
458,1997-06-06
459,1997-04-07
460,1997-02-06
461,1996-09-04
462,1996-08-05
463,1996-04-07
464,1996-03-08
465,1996-02-07
466,1995-12-09
467,1995-10-05
468,1995-09-05
469,1995-03-09
470,1994-12-09
471,1994-04-08
472,2003-12-18
473,2003-12-13
474,2000-11-15
475,2003-12-13
476,2001-05-31
477,2003-12-11
478,2003-12-11
479,2003-12-10
480,2003-12-10
481,2003-12-10
482,2003-12-10
483,2003-12-10
484,2003-12-10
485,2003-12-09
486,2003-11-25
487,2003-11-19
488,2003-11-19
489,2003-11-19
490,2003-11-19
491,2003-11-15
492,2003-11-13
493,2003-11-13
494,2003-11-06
495,2003-05-31
496,1995-12-09
497,2003-11-05
498,2003-11-05
499,2003-11-01
500,2003-10-30
501,1995-01-01
502,2003-10-29
503,2003-10-11
504,2003-10-10
505,2002-08-16
506,2003-10-08
507,2003-10-08
508,2003-10-08
509,2002-03-30
510,2003-10-08
511,2003-10-02
512,2003-09-17
513,2003-09-13
514,2003-09-11
515,2003-09-10
516,2003-09-06
517,2003-08-27
518,2003-08-27
519,2003-08-27
520,1996-03-01
521,2003-08-22
522,2003-08-19
523,2003-08-19
524,2000-05-19
525,2003-08-19
526,2003-08-16
527,2003-08-15
528,2003-08-14
529,2003-08-09
530,2003-08-07
531,2003-08-02
532,2003-07-26
533,1999-03-31
534,2003-07-25
535,2002-03-26
536,2001-08-23
537,2002-09-13
538,1996-05-06
539,2002-01-05
540,2002-02-08
541,2003-07-16
542,2003-07-15
543,2003-07-11
544,2003-07-11
545,2003-07-11
546,2003-07-11
547,2003-07-10
548,2003-07-05
549,2003-07-05
550,2003-07-02
551,2003-06-28
552,2003-06-26
553,2003-06-19
554,2003-06-17
555,2003-06-17
556,2003-06-17
557,2003-06-17
558,2003-06-17
559,1994-03-01
560,2001-06-09
561,2003-06-07
562,2003-06-07
563,2003-06-07
564,1999-07-01
565,2003-05-31
566,2003-05-31
567,2003-05-30
568,2003-05-27
569,2003-05-23
570,2003-05-22
571,2003-05-21
572,2003-05-16
573,2003-05-16
574,2003-05-16
575,2003-05-15
576,2003-05-15
577,1995-09-05
578,2003-05-14
579,2003-05-14
580,1997-01-01
581,2001-01-09
582,1999-02-06
583,1997-11-01
584,1997-11-01
585,2002-07-03
586,2003-05-06
587,2003-05-03
588,2003-05-02
589,2003-05-02
590,2003-05-02
591,2003-02-04
592,2003-05-02
593,2003-05-02
594,2003-05-02
595,2003-04-29
596,2002-08-03
597,2003-04-22
598,2003-04-19
599,1995-12-09
600,1998-03-11
601,2003-04-18
602,2003-04-18
603,2003-04-12
604,2003-04-12
605,2003-04-11
606,2003-04-11
607,2002-06-14
608,1999-05-01
609,2003-04-10
610,2003-04-08
611,2003-04-03
612,2003-04-02
613,2002-10-09
614,2003-04-02
615,1998-05-14
616,2003-03-27
617,2003-03-27
618,2003-02-25
619,2003-03-22
620,2003-03-20
621,2003-03-14
622,2002-04-09
623,2002-06-18
624,2003-03-05
625,2003-02-26
626,2003-02-19
627,2003-02-13
628,2003-02-11
629,2000-08-18
630,2003-02-11
631,1998-03-08
632,1996-04-07
633,2003-02-08
634,2003-02-07
635,2003-02-06
636,1993-07-01
637,1992-01-01
638,2003-02-06
639,2003-01-30
640,2003-01-25
641,2003-01-25
642,2003-01-25
643,2000-03-17
644,2003-01-18
645,2003-01-17
646,2003-01-17
647,2003-01-10
648,2002-11-05
649,2003-01-07
650,2002-12-28
651,2002-12-25
652,2002-12-21
653,2001-03-17
654,1995-04-01
655,1993-03-01
656,2002-12-19
657,2002-12-18
658,2002-12-17
659,2002-12-13
660,2002-12-06
661,2002-12-06
662,2002-12-06
663,2002-12-05
664,2002-12-05
665,2002-12-04
666,2002-12-04
667,2002-11-30
668,2002-11-28
669,2002-11-20
670,2002-05-10
671,2002-11-20
672,2002-11-15
673,2002-11-08
674,2002-11-07
675,2002-11-06
676,2002-11-06
677,2002-11-06
678,2002-11-06
679,2002-11-05
680,2002-11-01
681,2002-10-31
682,2002-10-31
683,2002-10-29
684,2002-10-26
685,2002-10-26
686,2002-10-26
687,2000-07-06
688,2000-04-27
689,2002-10-24
690,2002-10-24
691,2000-05-23
692,1999-11-30
693,1994-04-08
694,1998-04-07
695,2002-10-23
696,2002-10-11
697,2002-10-03
698,2002-10-01
699,2002-09-27
700,2002-09-27
701,2002-09-26
702,2002-09-25
703,2002-09-18
704,2002-05-15
705,2002-09-14
706,2002-02-19
707,2002-09-14
708,2002-09-13
709,2002-09-05
710,2002-09-05
711,2002-09-03
712,2000-02-08
713,2001-04-05
714,2002-09-03
715,2002-08-31
716,2002-08-28
717,1991-01-01
718,2002-08-27
719,2002-08-24
720,2002-08-21
721,2002-08-10
722,2002-08-09
723,2002-08-08
724,2002-08-07
725,2002-08-07
726,1999-08-25
727,2002-08-06
728,2002-08-06
729,2002-08-06
730,2002-07-24
731,2002-07-24
732,2002-06-28
733,2002-06-18
734,2002-07-23
735,2002-07-20
736,2002-07-16
737,2001-02-24
738,2002-07-13
739,2002-07-12
740,1993-02-01
741,2002-06-28
742,2002-06-28
743,2002-06-28
744,2002-06-25
745,2002-06-25
746,2002-06-20
747,2002-06-20
748,2002-01-05
749,2001-09-12
750,2002-06-13
751,2002-06-12
752,2002-06-08
753,2002-06-05
754,2001-11-28
755,2002-06-01
756,2002-06-01
757,2002-05-28
758,1998-06-06
759,2002-05-25
760,2002-05-25
761,1996-08-01
762,2002-05-25
763,2002-05-23
764,2002-05-17
765,2002-05-16
766,2002-01-05
767,2002-05-15
768,2002-04-02
769,2002-05-15
770,2002-05-10
771,2002-05-10
772,2002-05-09
773,2002-05-07
774,2002-05-04
775,2001-02-24
776,2002-05-03
777,2002-05-01
778,2002-04-30
779,2002-04-20
780,2002-04-20
781,2002-04-11
782,2002-04-05
783,2001-09-21
784,2001-04-11
785,2002-04-04
786,2002-03-30
787,2002-03-26
788,2002-03-23
789,2002-03-22
790,2002-03-13
791,2002-03-12
792,2002-02-28
793,2002-02-23
794,2000-03-07
795,2002-02-23
796,2002-02-22
797,2002-02-19
798,2002-02-19
799,2002-02-16
800,2002-02-16
801,2000-03-11
802,1997-04-10
803,2002-02-09
804,2002-02-07
805,2002-02-05
806,2002-02-01
807,2002-01-25
808,2002-01-22
809,2002-01-19
810,2002-01-19
811,2002-01-18
812,2002-01-17
813,2002-01-05
814,2002-01-05
815,2002-01-05
816,2001-12-23
817,2001-12-18
818,2001-12-12
819,2001-12-12
820,2001-07-05
821,1998-03-21
822,2001-12-06
823,2001-12-01
824,2001-12-01
825,2001-11-29
826,2001-11-27
827,2001-11-22
828,1999-11-05
829,2001-11-10
830,2001-11-10
831,2001-11-07
832,2001-11-06
833,2001-11-01
834,2001-10-31
835,2001-10-30
836,2001-10-27
837,2001-10-25
838,2001-10-24
839,2001-10-18
840,2001-10-18
841,2000-08-30
842,2001-10-16
843,2001-10-03
844,2001-09-28
845,2001-09-28
846,2001-09-26
847,2001-09-25
848,2000-08-01
849,1998-12-30
850,1998-06-25
851,2001-09-19
852,2001-09-11
853,2001-09-05
854,2001-09-04
855,2001-08-28
856,2001-08-25
857,2001-08-23
858,2001-08-16
859,2001-08-10
860,1997-10-04
861,1995-12-09
862,1993-05-08
863,2001-08-08
864,2001-07-31
865,2001-07-28
866,2001-07-27
867,2001-07-27
868,2001-07-24
869,2001-07-21
870,2001-07-19
871,2001-07-17
872,2001-07-14
873,2001-07-12
874,2001-07-11
875,2001-07-11
876,2001-07-06
877,2001-07-05
878,2001-07-05
879,2001-07-04
880,2001-06-26
881,2001-06-23
882,2001-06-21
883,2001-06-13
884,2001-06-13
885,2001-06-09
886,1995-12-09
887,2001-06-05
888,1998-04-09
889,1994-08-01
890,1992-10-01
891,2001-05-31
892,2001-05-29
893,1999-11-11
894,2001-05-26
895,2001-05-23
896,2001-05-17
897,2001-05-12
898,2001-05-12
899,1997-01-01
900,2001-05-12
901,2001-05-01
902,2001-05-01
903,2001-05-01
904,2001-04-28
905,1995-05-01
906,2001-04-28
907,2001-04-27
908,2001-04-21
909,2001-04-17
910,2001-04-11
911,1999-07-08
912,1999-04-02
913,1999-09-03
914,2001-04-11
915,2001-04-11
916,2001-03-30
917,2001-03-27
918,2001-03-23
919,2001-03-23
920,2001-03-10
921,2001-03-10
922,2001-02-24
923,2001-02-24
924,2001-02-24
925,1995-04-08
926,2001-02-24
927,2001-02-24
928,2001-02-24
929,2001-02-24
930,2001-02-24
931,2001-02-24
932,2001-02-15
933,2001-02-15
934,2001-02-15
935,2001-02-13
936,2001-02-13
937,2001-02-07
938,2001-02-07
939,2001-01-13
940,2001-01-09
941,2001-01-06
942,2001-01-04
943,2001-01-04
944,2001-01-04
945,2000-12-29
946,2000-12-08
947,2000-12-08
948,2000-12-07
949,1994-09-22
950,2000-11-30
951,2000-11-30
952,2000-11-30
953,2000-11-22
954,1999-01-13
955,1997-07-01
956,2000-11-18
957,2000-11-07
958,2000-10-13
959,2000-10-12
960,2000-09-30
961,2000-09-30
962,2000-09-30
963,2000-09-29
964,2000-09-22
965,2000-09-15
966,2000-09-14
967,2000-08-31
968,2000-08-29
969,2000-08-26
970,1997-11-14
971,1995-07-01
972,2000-08-25
973,2000-08-22
974,2000-08-19
975,2000-08-18
976,2000-08-16
977,2000-08-15
978,2000-08-11
979,2000-06-13
980,2000-03-21
981,2000-08-11
982,2000-08-10
983,2000-08-10
984,2000-08-10
985,2000-08-05
986,1995-07-01
987,1993-07-01
988,2000-08-05
989,2000-08-01
990,2000-08-01
991,2000-07-25
992,2000-07-14
993,2000-07-06
994,2000-07-06
995,2000-06-30
996,2000-06-29
997,2000-06-16
998,2000-06-14
999,2000-06-10
1000,2000-06-10
1001,2000-06-02
1002,2000-06-01
1003,2000-05-29
1004,2000-05-24
1005,2000-05-17
1006,2000-05-17
1007,1992-07-01
1008,1999-11-05
1009,2000-05-16
1010,2000-05-10
1011,2000-05-03
1012,2000-05-02
1013,2000-05-01
1014,1997-01-01
1015,1994-04-01
1016,2000-05-01
1017,2000-05-01
1018,2000-04-25
1019,2000-04-13
1020,2000-04-13
1021,2000-04-13
1022,2000-04-05
1023,2000-04-05
1024,2000-03-29
1025,1995-01-01
1026,2000-03-29
1027,2000-03-21
1028,2000-03-21
1029,2000-01-06
1030,2000-03-21
1031,2000-03-14
1032,2000-03-11
1033,2000-03-09
1034,2000-03-08
1035,2000-03-04
1036,2000-03-01
1037,2000-02-22
1038,2000-02-22
1039,2000-02-19
1040,1996-09-01
1041,1995-01-01
1042,1992-01-01
1043,2000-02-10
1044,2000-02-09
1045,2000-02-05
1046,2000-02-05
1047,2000-01-11
1048,2000-01-06
1049,1999-10-28
1050,2000-01-06
1051,2000-01-06
1052,2000-01-06
1053,2000-01-05
1054,2000-01-01
1055,1999-12-23
1056,1999-12-10
1057,1999-12-03
1058,1995-05-08
1059,1999-11-26
1060,1990-08-01
1061,1999-11-26
1062,1999-11-17
1063,1993-10-01
1064,1999-11-11
1065,1999-11-11
1066,1999-10-28
1067,1999-10-28
1068,1999-10-08
1069,1999-10-08
1070,1995-07-01
1071,1999-09-14
1072,1999-09-11
1073,1999-09-09
1074,1999-08-27
1075,1999-08-25
1076,1999-08-24
1077,1999-08-24
1078,1999-08-04
1079,1999-08-01
1080,1999-07-31
1081,1999-07-29
1082,1999-07-28
1083,1999-07-16
1084,1996-04-01
1085,1999-07-16
1086,1999-07-15
1087,1997-05-01
1088,1996-05-01
1089,1999-07-09
1090,1999-07-09
1091,1999-07-09
1092,1999-07-02
1093,1999-07-01
1094,1999-07-01
1095,1993-02-07
1096,1992-12-09
1097,1999-07-01
1098,1999-07-01
1099,1993-03-09
1100,1999-06-29
1101,1999-06-11
1102,1999-06-09
1103,1995-07-01
1104,1994-10-01
1105,1999-06-09
1106,1999-06-04
1107,1999-05-27
1108,1999-05-27
1109,1989-09-01
1110,1999-05-27
1111,1999-05-27
1112,1999-05-27
1113,1999-05-27
1114,1999-05-27
1115,1999-05-27
1116,1996-11-03
1117,1996-10-04
1118,1999-05-13
1119,1999-05-11
1120,1999-05-08
1121,1999-05-06
1122,1998-04-29
1123,1999-05-06
1124,1999-04-14
1125,1999-04-10
1126,1999-04-09
1127,1999-04-09
1128,1999-04-03
1129,1999-04-02
1130,1999-04-02
1131,1999-03-25
1132,1999-03-19
1133,1999-03-09
1134,1997-10-07
1135,1999-03-18
1136,1999-03-06
1137,1999-03-04
1138,1999-02-27
1139,1999-01-23
1140,1994-07-01
1141,1990-01-01
1142,1987-09-01
1143,1999-02-20
1144,1999-02-10
1145,1999-02-09
1146,1999-02-06
1147,1999-01-30
1148,1999-01-12
1149,1999-01-12
1150,1999-01-01
1151,1995-01-01
1152,1998-12-29
1153,1998-10-20
1154,1998-12-29
1155,1998-12-22
1156,1998-12-18
1157,1998-12-09
1158,1998-12-05
1159,1998-12-02
1160,1998-11-26
1161,1998-11-17
1162,1998-11-14
1163,1998-11-14
1164,1996-02-01
1165,1995-11-01
1166,1995-04-01
1167,1995-04-01
1168,1995-01-01
1169,1993-10-01
1170,1993-09-01
1171,1998-11-13
1172,1992-10-01
1173,1995-05-01
1174,1998-11-04
1175,1998-11-04
1176,1998-11-03
1177,1998-10-30
1178,1998-10-28
1179,1998-10-20
1180,1998-10-08
1181,1998-09-24
1182,1998-09-18
1183,1998-09-16
1184,1993-12-09
1185,1998-09-04
1186,1998-09-04
1187,1998-09-02
1188,1998-08-29
1189,1998-08-29
1190,1998-08-28
1191,1998-08-08
1192,1998-08-05
1193,1997-04-07
1194,1998-08-05
1195,1998-08-05
1196,1994-03-04
1197,1998-07-24
1198,1998-07-21
1199,1998-07-14
1200,1998-07-11
1201,1998-07-04
1202,1998-07-04
1203,1998-07-03
1204,1998-06-23
1205,1998-06-17
1206,1998-06-11
1207,1998-06-06
1208,1998-05-30
1209,1998-05-26
1210,1993-01-01
1211,1998-05-26
1212,1997-08-01
1213,1998-05-20
1214,1998-05-20
1215,1998-05-14
1216,1998-04-18
1217,1998-04-13
1218,1998-04-07
1219,1998-04-07
1220,1996-04-07
1221,1996-03-08
1222,1998-04-04
1223,1998-04-02
1224,1998-03-31
1225,1998-01-27
1226,1998-03-31
1227,1998-03-26
1228,1998-03-20
1229,1998-03-13
1230,1997-12-10
1231,1998-03-08
1232,1998-02-28
1233,1998-02-26
1234,1998-02-26
1235,1998-02-19
1236,1998-02-06
1237,1998-02-06
1238,1998-02-04
1239,1998-01-23
1240,1998-01-16
1241,1998-01-10
1242,1997-12-10
1243,1997-12-31
1244,1997-04-01
1245,1997-12-24
1246,1997-12-16
1247,1997-12-11
1248,1997-12-08
1249,1997-12-08
1250,1997-11-14
1251,1997-11-14
1252,1997-11-14
1253,1997-11-14
1254,1997-11-05
1255,1997-11-03
1256,1997-11-03
1257,1997-11-03
1258,1996-08-05
1259,1997-11-03
1260,1997-11-01
1261,1997-10-29
1262,1997-10-07
1263,1997-10-07
1264,1997-10-07
1265,1997-10-07
1266,1997-10-06
1267,1997-10-04
1268,1997-10-04
1269,1997-09-26
1270,1997-09-05
1271,1995-08-01
1272,1997-09-04
1273,1997-08-05
1274,1997-08-05
1275,1997-08-01
1276,1997-08-01
1277,1997-08-01
1278,1997-07-01
1279,1997-07-01
1280,1997-07-01
1281,1997-07-01
1282,1997-07-01
1283,1997-07-01
1284,1997-06-01
1285,1997-05-07
1286,1997-05-01
1287,1997-05-01
1288,1997-05-01
1289,1997-05-01
1290,1997-05-01
1291,1997-04-07
1292,1997-04-01
1293,1997-04-01
1294,1997-04-01
1295,1997-04-01
1296,1997-03-08
1297,1997-03-08
1298,1997-03-03
1299,1997-03-01
1300,1997-03-01
1301,1997-03-01
1302,1997-03-01
1303,1997-03-01
1304,1997-03-01
1305,1997-03-01
1306,1997-03-01
1307,1997-03-01
1308,1997-03-01
1309,1997-02-06
1310,1997-02-06
1311,1997-02-06
1312,1997-02-01
1313,1997-02-01
1314,1997-01-15
1315,1997-01-01
1316,1997-01-01
1317,1997-01-01
1318,1997-01-01
1319,1997-01-01
1320,1997-01-01
1321,1997-01-01
1322,1997-01-01
1323,1997-01-01
1324,1997-01-01
1325,1997-01-01
1326,1988-01-01
1327,1997-01-01
1328,1997-01-01
1329,1997-01-01
1330,1997-01-01
1331,1989-01-01
1332,1989-01-01
1333,1997-01-01
1334,1996-03-01
1335,1994-01-01
1336,1996-12-08
1337,1991-12-10
1338,1989-01-01
1339,1988-08-01
1340,1996-12-08
1341,1996-12-08
1342,1996-12-08
1343,1996-12-08
1344,1996-12-01
1345,1996-12-01
1346,1996-12-01
1347,1996-12-01
1348,1996-12-01
1349,1996-12-01
1350,1996-11-01
1351,1996-11-01
1352,1995-08-10
1353,1996-11-01
1354,1996-10-01
1355,1996-10-01
1356,1996-02-01
1357,1993-12-01
1358,1992-09-01
1359,1996-10-01
1360,1994-10-01
1361,1996-09-16
1362,1996-09-01
1363,1996-09-01
1364,1996-09-01
1365,1992-01-01
1366,1996-09-01
1367,1996-09-01
1368,1996-09-01
1369,1996-09-01
1370,1996-09-01
1371,1996-08-01
1372,1996-07-01
1373,1995-12-09
1374,1995-12-09
1375,1995-12-09
1376,1996-07-01
1377,1996-07-01
1378,1996-07-01
1379,1992-10-01
1380,1991-01-09
1381,1988-01-01
1382,1996-07-01
1383,1996-06-06
1384,1996-06-06
1385,1994-10-05
1386,1996-06-01
1387,1996-06-01
1388,1996-06-01
1389,1996-06-01
1390,1996-05-06
1391,1996-05-01
1392,1996-05-01
1393,1996-05-01
1394,1994-06-01
1395,1996-05-01
1396,1996-05-01
1397,1996-05-01
1398,1994-05-01
1399,1996-04-08
1400,1996-04-01
1401,1996-04-01
1402,1996-04-01
1403,1996-03-08
1404,1996-03-01
1405,1996-01-01
1406,1996-02-07
1407,1996-02-07
1408,1996-01-01
1409,1996-01-01
1410,1996-01-01
1411,1995-07-01
1412,1996-01-01
1413,1996-01-01
1414,1996-01-01
1415,1994-05-01
1416,1996-01-01
1417,1996-01-01
1418,1996-01-01
1419,1996-01-01
1420,1996-01-01
1421,1996-01-01
1422,1996-01-01
1423,1996-01-01
1424,1996-01-01
1425,1996-01-01
1426,1996-01-01
1427,1996-01-01
1428,1996-01-01
1429,1996-01-01
1430,1996-01-01
1431,1995-12-15
1432,1995-12-09
1433,1995-12-09
1434,1995-12-09
1435,1995-12-09
1436,1995-12-09
1437,1995-12-09
1438,1995-12-09
1439,1995-12-09
1440,1995-12-09
1441,1995-12-09
1442,1995-12-09
1443,1995-12-09
1444,1995-12-09
1445,1995-09-05
1446,1995-12-02
1447,1995-12-01
1448,1995-12-01
1449,1993-07-01
1450,1991-10-01
1451,1995-12-01
1452,1995-12-01
1453,1994-02-01
1454,1995-12-01
1455,1995-12-01
1456,1995-11-04
1457,1995-11-01
1458,1995-11-01
1459,1995-11-01
1460,1995-11-01
1461,1995-11-01
1462,1990-08-22
1463,1995-10-05
1464,1995-10-01
1465,1995-10-01
1466,1995-10-01
1467,1995-09-01
1468,1995-09-01
1469,1995-09-01
1470,1995-08-06
1471,1995-08-06
1472,1994-03-09
1473,1993-04-08
1474,1992-05-08
1475,1995-08-06
1476,1995-08-06
1477,1995-08-01
1478,1995-08-01
1479,1995-07-01
1480,1995-07-01
1481,1995-07-01
1482,1995-07-01
1483,1995-07-01
1484,1995-07-01
1485,1995-07-01
1486,1995-07-01
1487,1995-07-01
1488,1995-07-01
1489,1995-07-01
1490,1991-07-01
1491,1989-11-01
1492,1995-06-01
1493,1995-06-01
1494,1995-06-01
1495,1995-05-08
1496,1995-05-01
1497,1995-05-01
1498,1995-04-08
1499,1995-04-01
1500,1995-04-01
1501,1995-04-01
1502,1995-04-01
1503,1995-04-01
1504,1995-03-01
1505,1995-03-01
1506,1995-03-01
1507,1995-02-07
1508,1995-02-01
1509,1995-02-01
1510,1995-02-01
1511,1995-01-01
1512,1990-04-09
1513,1995-01-01
1514,1995-01-01
1515,1995-01-01
1516,1995-01-01
1517,1995-01-01
1518,1995-01-01
1519,1995-01-01
1520,1995-01-01
1521,1995-01-01
1522,1995-01-01
1523,1995-01-01
1524,1995-01-01
1525,1994-12-09
1526,1992-01-01
1527,1994-12-09
1528,1994-12-01
1529,1994-12-01
1530,1994-11-01
1531,1989-01-01
1532,1994-11-01
1533,1994-08-01
1534,1994-10-01
1535,1994-10-01
1536,1994-09-28
1537,1994-09-01
1538,1994-09-01
1539,1994-08-24
1540,1994-08-01
1541,1994-08-01
1542,1994-08-01
1543,1994-07-07
1544,1994-07-01
1545,1994-07-01
1546,1994-06-07
1547,1994-06-07
1548,1994-06-07
1549,1994-06-02
1550,1994-06-01
1551,1991-09-16
1552,1994-06-01
1553,1994-06-01
1554,1994-05-08
1555,1994-05-01
1556,1994-04-08
1557,1994-04-08
1558,1993-04-08
1559,1994-04-01
1560,1994-04-01
1561,1994-01-01
1562,1993-07-01
1563,1994-04-01
1564,1994-03-04
1565,1994-03-01
1566,1994-03-01
1567,1994-03-01
1568,1994-02-07
1569,1994-02-01
1570,1994-01-01
1571,1994-01-01
1572,1994-01-01
1573,1994-01-01
1574,1994-01-01
1575,1994-01-01
1576,1994-01-01
1577,1993-11-01
1578,1990-04-01
1579,1994-01-01
1580,1994-01-01
1581,1994-01-01
1582,1993-02-07
1583,1994-01-01
1584,1994-01-01
1585,1993-07-01
1586,1993-12-01
1587,1993-12-01
1588,1993-12-01
1589,1993-11-01
1590,1993-11-01
1591,1993-11-01
1592,1993-11-01
1593,1993-11-01
1594,1993-10-05
1595,1993-10-05
1596,1993-10-05
1597,1993-10-05
1598,1993-10-01
1599,1993-10-01
1600,1993-10-01
1601,1993-10-01
1602,1991-10-06
1603,1993-09-01
1604,1993-08-06
1605,1993-08-06
1606,1993-08-06
1607,1993-07-07
1608,1993-07-01
1609,1991-07-01
1610,1990-12-01
1611,1990-09-01
1612,1993-01-01
1613,1992-12-25
1614,1991-12-10
1615,1993-07-01
1616,1990-07-01
1617,1988-07-01
1618,1993-07-01
1619,1993-05-01
1620,1993-05-01
1621,1993-05-01
1622,1993-04-08
1623,1993-04-08
1624,1993-04-01
1625,1993-04-01
1626,1993-04-01
1627,1993-03-09
1628,1993-03-01
1629,1993-03-01
1630,1993-03-01
1631,1993-03-01
1632,1993-03-01
1633,1993-02-07
1634,1992-11-01
1635,1993-02-03
1636,1993-02-01
1637,1993-02-01
1638,1993-02-01
1639,1992-04-01
1640,1993-01-01
1641,1993-01-01
1642,1993-01-01
1643,1993-01-01
1644,1993-01-01
1645,1992-12-09
1646,1992-12-09
1647,1992-12-09
1648,1992-12-01
1649,1992-12-01
1650,1991-09-16
1651,1992-12-01
1652,1992-10-05
1653,1992-10-01
1654,1992-09-05
1655,1992-09-01
1656,1992-09-01
1657,1992-07-01
1658,1992-07-01
1659,1992-06-01
1660,1992-05-08
1661,1992-05-08
1662,1992-05-01
1663,1992-05-01
1664,1992-05-01
1665,1992-05-01
1666,1992-05-01
1667,1992-04-08
1668,1991-05-01
1669,1992-04-01
1670,1992-03-31
1671,1992-03-09
1672,1992-03-01
1673,1992-03-01
1674,1992-03-01
1675,1990-03-01
1676,1992-02-08
1677,1992-02-01
1678,1992-01-09
1679,1992-01-01
1680,1992-01-01
1681,1992-01-01
1682,1990-09-01
1683,1989-08-01
1684,1992-01-01
1685,1992-01-01
1686,1992-01-01
1687,1992-01-01
1688,1991-12-10
1689,1991-12-10
1690,1991-12-10
1691,1991-12-10
1692,1991-12-10
1693,1991-01-01
1694,1991-12-01
1695,1991-12-01
1696,1991-11-05
1697,1991-11-01
1698,1991-11-01
1699,1991-11-01
1700,1990-09-01
1701,1991-11-01
1702,1991-11-01
1703,1991-10-06
1704,1991-10-06
1705,1991-10-06
1706,1991-10-01
1707,1991-10-01
1708,1991-09-01
1709,1991-09-01
1710,1991-08-01
1711,1991-07-01
1712,1991-06-01
1713,1991-05-09
1714,1991-05-01
1715,1991-05-01
1716,1991-04-09
1717,1991-04-01
1718,1988-04-01
1719,1991-03-10
1720,1991-03-10
1721,1991-03-10
1722,1991-03-01
1723,1991-02-08
1724,1990-12-10
1725,1991-02-08
1726,1991-02-03
1727,1991-02-01
1728,1991-02-01
1729,1991-01-09
1730,1991-01-01
1731,1991-01-01
1732,1991-01-01
1733,1991-01-01
1734,1991-01-01
1735,1990-12-10
1736,1990-12-10
1737,1990-11-01
1738,1990-01-01
1739,1990-10-01
1740,1990-04-01
1741,1987-07-01
1742,1990-08-07
1743,1990-07-01
1744,1990-07-01
1745,1989-01-01
1746,1990-07-01
1747,1988-12-01
1748,1990-05-01
1749,1990-05-01
1750,1990-04-09
1751,1989-12-01
1752,1990-04-01
1753,1990-03-01
1754,1990-03-01
1755,1990-01-01
1756,1990-01-01
1757,1990-01-01
1758,1988-01-01
1759,1990-01-01
1760,1990-01-01
1761,1990-01-01
1762,1990-01-01
1763,1990-01-01
1764,1990-01-01
1765,1989-12-10
1766,1989-12-10
1767,1989-10-01
1768,1989-09-01
1769,1989-09-01
1770,1989-08-01
1771,1989-08-01
1772,1989-04-01
1773,1989-08-01
1774,1987-07-01
1775,1989-06-01
1776,1989-04-14
1777,1989-04-01
1778,1989-03-01
1779,1989-02-01
1780,1989-01-01
1781,1989-01-01
1782,1989-01-01
1783,1988-10-01
1784,1988-10-01
1785,1988-03-01
1786,1988-03-01
1787,1988-01-01
1788,1988-01-01
1789,1988-01-01
1790,1987-11-06
1791,1987-11-01
1792,1987-10-01
1793,1987-10-01
1794,1987-09-01
1795,1987-09-01
1796,1987-09-01
1797,1987-01-01
1798,1986-01-01
